{"cameraMode":{"drawMode":0,"name":"Shaded","section":"Shading Mode"},"sceneLighting":true,"audioPlay":false,"sceneViewState":{"showFog":true,"showMaterialUpdate":false,"showSkybox":true,"showFlares":true,"showImageEffects":true,"showParticleSystems":true},"in2DMode":false,"pivot":{"x":-5.05195951461792,"y":-261.4280700683594,"z":587.67724609375},"rotation":{"x":-0.210205078125,"y":0.01524692215025425,"z":-0.003281987039372325,"w":-0.977538526058197},"size":654.19140625,"orthographic":false}