{"cameraMode":{"drawMode":0,"name":"Shaded","section":"Shading Mode"},"sceneLighting":true,"audioPlay":false,"sceneViewState":{"showFog":true,"showMaterialUpdate":false,"showSkybox":true,"showFlares":true,"showImageEffects":true,"showParticleSystems":true},"in2DMode":false,"pivot":{"x":39.814537048339847,"y":-1.9949555397033692,"z":12.817529678344727},"rotation":{"x":0.024074405431747438,"y":0.6442826390266419,"z":-0.020306352525949479,"w":0.7641448378562927},"size":38.427772521972659,"orthographic":false}