{"cameraMode":{"drawMode":0,"name":"Shaded","section":"Shading Mode"},"sceneLighting":true,"audioPlay":false,"sceneViewState":{"showFog":true,"showMaterialUpdate":false,"showSkybox":true,"showFlares":true,"showImageEffects":true,"showParticleSystems":true},"in2DMode":false,"pivot":{"x":13.748214721679688,"y":0.05807685852050781,"z":12.189742088317871},"rotation":{"x":0.3747912645339966,"y":0.07497294992208481,"z":-0.030424676835536958,"w":0.9235769510269165},"size":38.427772521972659,"orthographic":false}