{"cameraMode":{"drawMode":0,"name":"Shaded","section":"Shading Mode"},"sceneLighting":false,"audioPlay":false,"sceneViewState":{"showFog":true,"showMaterialUpdate":false,"showSkybox":false,"showFlares":true,"showImageEffects":true,"showParticleSystems":true},"in2DMode":false,"pivot":{"x":5.629083633422852,"y":5.000965118408203,"z":19.44352912902832},"rotation":{"x":-0.3369916081428528,"y":0.07951370626688004,"z":-0.028578966856002809,"w":-0.9377228617668152},"size":179.207763671875,"orthographic":false}