{"cameraMode":{"drawMode":0,"name":"Shaded","section":"Shading Mode"},"sceneLighting":true,"audioPlay":false,"sceneViewState":{"showFog":true,"showMaterialUpdate":false,"showSkybox":true,"showFlares":true,"showImageEffects":true,"showParticleSystems":true},"in2DMode":false,"pivot":{"x":6.458728790283203,"y":-22.761981964111329,"z":39.20838928222656},"rotation":{"x":-0.3431355655193329,"y":0.22966930270195008,"z":-0.08692333847284317,"w":-0.9066413640975952},"size":54.53901672363281,"orthographic":false}